<component name="ProjectCodeStyleConfiguration">
  <code_scheme name="Project" version="173">
    <option name="AUTODETECT_INDENTS" value="false" />
    <option name="RIGHT_MARGIN" value="80" />
    <option name="WRAP_WHEN_TYPING_REACHES_RIGHT_MARGIN" value="true" />
    <option name="SOFT_MARGINS" value="80" />
    <CMakeCodeStyleSettings>
      <option name="FORCE_COMMANDS_CASE" value="1" />
    </CMakeCodeStyleSettings>
    <Objective-C>
      <option name="INDENT_NAMESPACE_MEMBERS" value="0" />
      <option name="INDENT_PREPROCESSOR_DIRECTIVE" value="2" />
      <option name="KEEP_STRUCTURES_IN_ONE_LINE" value="true" />
      <option name="KEEP_DIRECTIVE_AT_FIRST_COLUMN" value="false" />
      <option name="FUNCTION_BRACE_PLACEMENT" value="2" />
      <option name="FUNCTION_TOP_AFTER_RETURN_TYPE_WRAP" value="2" />
      <option name="FUNCTION_PARAMETERS_WRAP" value="5" />
      <option name="FUNCTION_PARAMETERS_NEW_LINE_AFTER_LPAR" value="true" />
      <option name="LAMBDA_CAPTURE_LIST_WRAP" value="1" />
      <option name="FUNCTION_CALL_ARGUMENTS_WRAP" value="5" />
      <option name="TEMPLATE_PARAMETERS_WRAP" value="5" />
      <option name="TEMPLATE_PARAMETERS_ALIGN_MULTILINE" value="true" />
      <option name="TEMPLATE_PARAMETERS_NEW_LINE_AFTER_LT" value="true" />
      <option name="TEMPLATE_CALL_ARGUMENTS_WRAP" value="5" />
      <option name="TEMPLATE_CALL_ARGUMENTS_ALIGN_MULTILINE" value="true" />
      <option name="TEMPLATE_CALL_ARGUMENTS_NEW_LINE_AFTER_LT" value="true" />
      <option name="CLASS_CONSTRUCTOR_INIT_LIST_WRAP" value="2" />
      <option name="CLASS_CONSTRUCTOR_INIT_LIST_NEW_LINE_BEFORE_COLON" value="1" />
      <option name="SPACE_BEFORE_TEMPLATE_DECLARATION_LT" value="true" />
      <option name="SPACE_WITHIN_TEMPLATE_DOUBLE_GT" value="false" />
      <option name="SPACE_WITHIN_EMPTY_BRACES" value="true" />
      <option name="SPACE_BEFORE_INIT_LIST" value="true" />
      <option name="SPACE_BEFORE_REFERENCE_IN_DECLARATION" value="false" />
      <option name="SPACE_AFTER_REFERENCE_IN_DECLARATION" value="true" />
      <option name="SPACE_BETWEEN_ADJACENT_BRACKETS" value="true" />
      <option name="ADD_GETTER_PREFIX" value="false" />
      <option name="TYPE_QUALIFIERS_PLACEMENT" value="AFTER" />
    </Objective-C>
    <Objective-C-extensions>
      <option name="TYPE_QUALIFIERS_PLACEMENT" value="AFTER" />
      <extensions>
        <pair source="cxx" header="hxx" fileNamingConvention="SNAKE_CASE" />
        <pair source="c" header="h" fileNamingConvention="SNAKE_CASE" />
      </extensions>
      <rules>
        <rule entity="MACRO" visibility="ANY" specifier="ANY" prefix="" style="SCREAMING_SNAKE_CASE" suffix="" />
        <rule entity="CLASS" visibility="ANY" specifier="ANY" prefix="" style="LEADING_SNAKE_CASE" suffix="" />
        <rule entity="ENUMERATOR" visibility="ANY" specifier="ANY" prefix="" style="SNAKE_CASE" suffix="" />
        <rule entity="CLASS_MEMBER_FUNCTION,STRUCT_MEMBER_FUNCTION,CLASS_MEMBER_FIELD,STRUCT_MEMBER_FIELD" visibility="PROTECTED,PRIVATE" specifier="ANY" prefix="" style="SNAKE_CASE" suffix="_" />
        <rule entity="CLASS_MEMBER_FUNCTION,STRUCT_MEMBER_FUNCTION,CLASS_MEMBER_FIELD,STRUCT_MEMBER_FIELD" visibility="PUBLIC" specifier="ANY" prefix="" style="SNAKE_CASE" suffix="" />
        <rule entity="CLASS_MEMBER_FUNCTION,STRUCT_MEMBER_FUNCTION,CLASS_MEMBER_FIELD,STRUCT_MEMBER_FIELD" visibility="PROTECTED,PRIVATE" specifier="STATIC" prefix="c_" style="SNAKE_CASE" suffix="_" />
        <rule entity="CLASS_MEMBER_FUNCTION,STRUCT_MEMBER_FUNCTION,CLASS_MEMBER_FIELD,STRUCT_MEMBER_FIELD" visibility="PUBLIC" specifier="STATIC" prefix="c_" style="SNAKE_CASE" suffix="" />
        <rule entity="GLOBAL_FUNCTION" visibility="ANY" specifier="ANY" prefix="" style="SNAKE_CASE" suffix="" />
        <rule entity="GLOBAL_VARIABLE" visibility="ANY" specifier="ANY" prefix="" style="SNAKE_CASE" suffix="" />
        <rule entity="PARAMETER,LOCAL_VARIABLE" visibility="ANY" specifier="ANY" prefix="" style="SNAKE_CASE" suffix="" />
      </rules>
    </Objective-C-extensions>
    <RsCodeStyleSettings>
      <option name="ALIGN_TYPE_PARAMS" value="true" />
      <option name="INDENT_WHERE_CLAUSE" value="false" />
      <option name="ALLOW_ONE_LINE_MATCH" value="true" />
    </RsCodeStyleSettings>
    <codeStyleSettings language="CMake">
      <option name="SOFT_MARGINS" value="120" />
    </codeStyleSettings>
    <codeStyleSettings language="Markdown">
      <option name="RIGHT_MARGIN" value="80" />
      <option name="WRAP_ON_TYPING" value="0" />
      <option name="SOFT_MARGINS" value="80" />
    </codeStyleSettings>
    <codeStyleSettings language="ObjectiveC">
      <option name="RIGHT_MARGIN" value="80" />
      <option name="LINE_COMMENT_AT_FIRST_COLUMN" value="false" />
      <option name="BLOCK_COMMENT_AT_FIRST_COLUMN" value="false" />
      <option name="LINE_COMMENT_ADD_SPACE" value="true" />
      <option name="KEEP_FIRST_COLUMN_COMMENT" value="false" />
      <option name="KEEP_BLANK_LINES_BEFORE_RBRACE" value="1" />
      <option name="BLANK_LINES_BEFORE_IMPORTS" value="0" />
      <option name="BLANK_LINES_AROUND_METHOD_IN_INTERFACE" value="0" />
      <option name="BLANK_LINES_AFTER_CLASS_HEADER" value="1" />
      <option name="CLASS_BRACE_STYLE" value="2" />
      <option name="INDENT_CASE_FROM_SWITCH" value="false" />
      <option name="ALIGN_MULTILINE_CHAINED_METHODS" value="true" />
      <option name="METHOD_CALL_CHAIN_WRAP" value="5" />
      <option name="FOR_STATEMENT_WRAP" value="5" />
      <option name="ARRAY_INITIALIZER_WRAP" value="5" />
      <option name="ASSIGNMENT_WRAP" value="5" />
      <option name="IF_BRACE_FORCE" value="3" />
      <option name="DOWHILE_BRACE_FORCE" value="3" />
      <option name="WHILE_BRACE_FORCE" value="3" />
      <option name="FOR_BRACE_FORCE" value="3" />
      <option name="ENUM_CONSTANTS_WRAP" value="1" />
      <option name="WRAP_ON_TYPING" value="1" />
      <option name="SOFT_MARGINS" value="80" />
      <indentOptions>
        <option name="TAB_SIZE" value="8" />
        <option name="LABEL_INDENT_ABSOLUTE" value="true" />
      </indentOptions>
    </codeStyleSettings>
    <codeStyleSettings language="Rust">
      <option name="ALIGN_MULTILINE_CHAINED_METHODS" value="true" />
      <option name="SOFT_MARGINS" value="80" />
    </codeStyleSettings>
  </code_scheme>
</component>